unit_name,unit_code,region,slug,url,notes_gid,notes
Bell,CV,I,NA,,,
Byrd,DU,I,r1-byrd,https://docs.google.com/spreadsheets/d/e/2PACX-1vROqTyAYXIl0X6UNDtVLJMcAT6n6OyVuSIGRvZ86lh2k58IwI0h0slpQ9pxf8T1aCNQjmqo4BdhkKTN/pub?gid=0&single=true&output=csv,1133970569,
Diboll,DO,I,NA,,,"closely linked to Duncan, pre-release"
Duncan,N6,I,r1-duncan,https://docs.google.com/spreadsheets/d/e/2PACX-1vTvRflz3aPUPyicGUD3IMdEWhNzZbbO9SOVbA3TUVNOsB-cckFly3S906umatwrJ8dDflRBrD-Lok5E/pub?gid=0&single=true&output=csv,535687266,
Ellis,E1,I,r1-ellis,https://docs.google.com/spreadsheets/d/e/2PACX-1vT2YHxOjgxQ6obR-b6GEigJauMNsird4oH8KfSibmRZ8QXCr20T5H4NhBPg0TxJRIH7iq5vpRT2oo2I/pub?output=csv,1770803795,
Estelle,E2,I,r1-estelle,https://docs.google.com/spreadsheets/d/e/2PACX-1vRPdRSPyFwnYPgrLkJktmtg2hy4BmWl0eILzwO7KLalYxjPF2xYMZj4kSTuo3u7wwUckskou4-Dm4zF/pub?output=csv,1551327169,
Ferguson,FE,I,r1-ferguson,https://docs.google.com/spreadsheets/d/e/2PACX-1vQXrHVQKktMB-MHLSiwd7tqrh1uBoPdXyhrwn7FRhT_0SW1MzrCONZWe6AvbkZtqeWDR5SsvT5eyeql/pub?output=csv,960707775,
Goodman,GG,I,r1-goodman,https://docs.google.com/spreadsheets/d/e/2PACX-1vQHy7uKwXYutl-h3ySsOHvRKY5ujDEeZs2xoPu9u5vtEFaZcpBZBxJIuEByG5m1MK0OhEgU0C72B_ov/pub?output=csv,1134725784,
Goree,GR,I,r1-goree,https://docs.google.com/spreadsheets/d/e/2PACX-1vRcFV4YJtu-iu_XDREypfJkHwGwsXrNhG9C6syQH9KgppT96NWIPoLuTu_R6MjA3UrrlY8Jza8BWikg/pub?output=csv,1892684067,
Holliday,NF,I,r1-holliday,https://docs.google.com/spreadsheets/d/e/2PACX-1vTifE-W5z0-GJC-xG4R6EHKTmLNHJtPC42nYDHITUoEiG7onoFdDmlE60I8EpG1IXNMiWYFYjJfQkOG/pub?output=csv,1950497374,
Huntsville,HV,I,r1-huntsville,https://docs.google.com/spreadsheets/d/e/2PACX-1vSqKNHWIdn7KVVcyM9lP0HWnQvHH9R7E8IY5lakU3PArvSOEzNuh3hFGPcmUWNvsTQXmULfnBVdbVGX/pub?output=csv,626773476,
Lewis,GL,I,r1-lewis,https://docs.google.com/spreadsheets/d/e/2PACX-1vTdYq-eyxU3LYZZDYZRtaGnr8c1bcWFlI4N7oU-J80cnAJsMrEAgbEuqGvzAL3kIOczaFkFiywdEeZa/pub?output=csv,1582298520,
Polunsky,TL,I,r1-polunsky,https://docs.google.com/spreadsheets/d/e/2PACX-1vQgC2hhWLTkjbA_e7mZdnbMyZDjtns4nTY82QcmhG-hztmFpObL9wSRmHez7GyNCi-aBrGNyanfafLB/pub?output=csv,666324764,
Wynne,WY,I,r1-wynne,https://docs.google.com/spreadsheets/d/e/2PACX-1vQSSVdGNx4LVJ1y0I3kdX5jpyQ6HwMqGkbanSQbO6gfJiMG8hyL260Jfczs51W2YcnjIiL6qilCAXVK/pub?output=csv,594866636,
Yellow/Wainwright,EA,I,r1-wainwright,https://docs.google.com/spreadsheets/d/e/2PACX-1vSurnMXjUD7o-vIz5MzdsQRe3RbOHL4xIhK6aBUXeyy7N1uFUMxel6xYzoV-r6zY1MAxOexXco8Owho/pub?output=csv,846380532,
Beto,B,II,r2-beto,https://docs.google.com/spreadsheets/d/e/2PACX-1vRvx3rt4wRh2d5ODhX8TjZRmX-nqDg1C5gRfDvHm2GrL8zyBiTmfxreSQ0qhvGoa1mZtMMhO3qo4uJj/pub?gid=0&single=true&output=csv ,1957810682,
Boyd,BY,II,r2-boyd,https://docs.google.com/spreadsheets/d/e/2PACX-1vQRBlwpH0hQsBJDd6S_SE8tZpt2bflmGvRw8IuWAvyy8xyd0O_RsCZFbScBWsHRH9jT09qSlBC4OZB9/pub?gid=0&single=true&output=csv ,1957810682,
Coffield,CO,II,NA,,,close to r2-michael
Cole,CL,II,r2-cole,https://docs.google.com/spreadsheets/d/e/2PACX-1vTXjtTSnPabuAGcwYlmaFlsSUT5---k24V_-yTvkp9__hNdfPCAx4z8S07-SsQ4Pfril1oUcbkxkBvy/pub?gid=0&single=true&output=csv,1957810682,
Estes,VS,II,NA,,,pre-release
Hodge,HD,II,NA,,,listed as skyview-hodge
Hutchins,HJ,II,r2-hutchins,https://docs.google.com/spreadsheets/d/e/2PACX-1vSed88GSstqFTEmRO9Q4gvr61Dnv9AujloxzqZpLrBzKRV24epCpJZwe7FbrplltfQzNgvZHC6S2Yup/pub?gid=0&single=true&output=csv,1957810682,
Johnston,JT,II,r2-johnston,https://docs.google.com/spreadsheets/d/e/2PACX-1vSmbo6CF443u3rmSpx5xS6hMAx3nvcXpRkrUWcje53NzhDaBr-g0s2grbQPktOg5ZwR-wzQwVWzwdmS/pub?gid=0&single=true&output=csv,1957810682,
Michael,MI,II,r2-michael,https://docs.google.com/spreadsheets/d/e/2PACX-1vSIEOtQy5Km7bURgXYSeuftdSYxFRlWwPrVdkymDv3iZQlPjOUenf1ks7L0L72-bSFZ-E5rAItqVlu4/pub?gid=0&single=true&output=csv,1957810682,
"Moore, C.",CM,II,r2-choice-moore,https://docs.google.com/spreadsheets/d/e/2PACX-1vQruL7myUb6OGr2jNXOE9TSWESrhnsiec73AOYGovUZJqnP6qpgywECS3MQg3ga3MwfQC3QXkXJ3XWM/pub?gid=0&single=true&output=csv,1957810682,
Powledge,B2,II,r2-powledge,https://docs.google.com/spreadsheets/d/e/2PACX-1vTEbnb8LmDcVu5KCn2HeQrj0C_eIfDAn1kvTcGtqy8UPIjfGxtd85zE1H4csy9DBV8Y2XRvyba0QG-w/pub?gid=0&single=true&output=csv,1957810682,
Skyview,SV,II,r2-skyview,https://docs.google.com/spreadsheets/d/e/2PACX-1vQpFKqIjTm1oUXR641SaNevRn8u990YItayFXu0CN9U7jXGrUyTJ-y4etOZw_Exl7PjO1trJyxrLZz5/pub?gid=0&single=true&output=csv,1957810682,listed as skyview-hodge
Telford,TO,II,r2-telford,https://docs.google.com/spreadsheets/d/e/2PACX-1vRvcDhP1jrYUvJVxtm5LZ20HbVwyeEc3KCVI7lI3sV_63zh8vKiDa6F0jdGG77irOzxzUsDR4TrdKCJ/pub?gid=0&single=true&output=csv,1957810682,
Clemens,CN/RV,III,r3-clemens,https://docs.google.com/spreadsheets/d/e/2PACX-1vRNNPRz2wF0nOdnx_TS1Mnd0LRnBs3IGEMnmkUPEWApzteUO5EohJZDtIIMveslIgSmfGvve4adnFsl/pub?gid=0&single=true&output=csv,2056537832,
Gist,BJ,III,r3-gist,https://docs.google.com/spreadsheets/d/e/2PACX-1vS3lpb7SO-F9N0oMOG-nUcE8XPxlMjk6-X9kcB4AWW2wQQdJushh2OY5F4fxeKpIODrpOfdVCQS8-k0/pub?gid=0&single=true&output=csv,1896874667,
Henley,LT,III,r3-henley,https://docs.google.com/spreadsheets/d/e/2PACX-1vQB67AkK5LBMqYeBDjAp8b8ErEcbvhm590Z3I3lb29nyVbKQaVkqh__3ILSJ_z_AV3WXDeKILZAzKtN/pub?gid=0&single=true&output=csv,1886935373,
Hightower,HI,III,r3-hightower,https://docs.google.com/spreadsheets/d/e/2PACX-1vRakUGMFyjZWEORYLUysJAYCQgmTQB0Bu_3m2i9jkiTi8ZIRFWvc0mfhdsxra9xKOSzIVfUuQWc_6mE/pub?gid=0&single=true&output=csv,1980581353,
Hospital Galveston,HG,III,r3-hospital-galveston,https://docs.google.com/spreadsheets/d/e/2PACX-1vQxGt8ohe_JZo6XxRp6Gpx2G8_2tKeKU3nTq3De90X2PCNL94WjYySP6uej9a-YjEHaDmOjCuat3Y-j/pub?gid=0&single=true&output=csv,877445100,
Jester III,J3,III,r3-jester-3,https://docs.google.com/spreadsheets/d/e/2PACX-1vREuQeXXPPRUXC-nMACzuFtT-CBI9_YMcfN_7RyN2hVoR_UYIxnzFzIbw1jR4_y3h8ByHB2d0l5uEmz/pub?gid=0&single=true&output=csv,1223362471,
Kegans,HM,III,r3-kegans,https://docs.google.com/spreadsheets/d/e/2PACX-1vT8pIEnaTYXk-SgV0PPJWk52PfGzGs4HrdHVIz_7fa84nOPuYUYpjt7EdhdL1OxRxJDMqH0Ij8FrJRB/pub?gid=0&single=true&output=csv,452082585,
LeBlanc,BA,III,r3-leblanc,https://docs.google.com/spreadsheets/d/e/2PACX-1vRH8WN8jYsZxXHdZh9stmZtpOhX_JQXbEddXjvz0oPXjGSuhcTKUmemydCxclXWaEoKMbSmHrrfdz9g/pub?gid=0&single=true&output=csv,326458710,
Lychner,AJ,III,r3-lychner,https://docs.google.com/spreadsheets/d/e/2PACX-1vQ918ekQLHHaZN59GQW3eZNsp0JV1VqbtrFMEPeWadkv3YfjF8k3d1mPjp3elwDehbOsJR1ijuv7P_j/pub?gid=0&single=true&output=csv,867963738,
Memorial,DA,III,r3-memorial,https://docs.google.com/spreadsheets/d/e/2PACX-1vS19hTPCxtXFbACBN61enN6GDXDB6k-Tn1YkCdzIm5MfsSUTNr5qXwyyCOI1Kn6qVOabWUi9XffdHkL/pub?gid=0&single=true&output=csv,1213125162,
Plane/Santa Maria Baby Bonding,LJ,III,r3-plane,https://docs.google.com/spreadsheets/d/e/2PACX-1vSjeIWEMGP783BTK9X9PPtcNMHf4EHshI454ozuwnULyHoKLCkmRk1_XP4IBuPGCRKeYybmnCgwJrGB/pub?gid=0&single=true&output=csv,1594259406,
Ramsey,R1,III,r3-ramsey,https://docs.google.com/spreadsheets/d/e/2PACX-1vRRuDP7e5dFV-n5P6d-N0ZK8wZw6fslNKCN8nD2e5TcvNifXRjbySpvU0OY4YZj-V1j52fk0jPgSZk0/pub?gid=0&single=true&output=csv,1951416594,
Scott,J4,III,r3-scott,https://docs.google.com/spreadsheets/d/e/2PACX-1vSFNSPsSwtaZ7sxlOTii2RiLo5wovkDE8Eb01CERPXWc-Xpli8cIudPtebiC4nIZgOCbbV81f1Dje6X/pub?gid=0&single=true&output=csv,1453761361,
Stiles,ST,III,r3-stiles,https://docs.google.com/spreadsheets/d/e/2PACX-1vTbQjQstPG0XKrMABiP5SJNEjdmyoIu6gDP9qn2Yd2D9Abcc9gDh2fExs0VOVUlYjcQXjhiEHLH_WEg/pub?gid=0&single=true&output=csv,1455879867,
Stringfellow,R2,III,r3-stringfellow,https://docs.google.com/spreadsheets/d/e/2PACX-1vQPmC_CDWDcL5xJMF-mLNyq730REAXLWl9AgA5SCudJv86uJT1POTETwvI96rDwp88Ee7Athz457Oj5/pub?gid=0&single=true&output=csv,1149273764,
Terrell,R3,III,r3-terrell,https://docs.google.com/spreadsheets/d/e/2PACX-1vSFhogqvQCXWiWWURTcBCN5UnW0V-lps1bthVjSAtRO7tsz-M-yyDMmSKlYZzOfwSOpnZ4x99W3fuq6/pub?gid=0&single=true&output=csv,284167769,
Vance,J2,III,r3-vance,https://docs.google.com/spreadsheets/d/e/2PACX-1vT-4oEgTrkdJfULyVZ8fK_UE_LBRqjeLlBCyn1_5Rr1PBcBHE2jYe9hPoGzRssSjT9hVfuFQYhumEtN/pub?gid=0&single=true&output=csv,2068585116,
Young,GC,III,r3-young,https://docs.google.com/spreadsheets/d/e/2PACX-1vTcpR_HADtimIFPdVAGEp4ky1z4W3aUqVm9O8jPjXoxGB-VCGK68bn61uwycf1n3l39MFwpFcDNuLC8/pub?gid=0&single=true&output=csv,1789477775,
Briscoe,DB,IV,r4-briscoe,https://docs.google.com/spreadsheets/d/e/2PACX-1vRHHMdtQQFPfM_xT5NUVezKpcrLDnMKUSFAhLn2rQy8cJono98hWkxW_s_pLPIT470CyIu9or9ih7fV/pub?output=csv,663904456,
Connally,CY,IV,r4-connally,https://docs.google.com/spreadsheets/d/e/2PACX-1vRT_wYBqQVtdeUXCEfNt4KyvI6-WN3w61Plfq6oGU1RwBqfKb5vIQ-i0U9uIaNRv65r8hGZyWXX0uBN/pub?output=csv,0,
Cotulla,N4,IV,r4-cotulla,https://docs.google.com/spreadsheets/d/e/2PACX-1vQETQua74HqiFxCMHnmvcDQlHhpJj4UCcfvzh2RAcPML_0_ojatt-bBqbC_G2-EUDaAgdpX6VeouzU6/pub?output=csv,1822760740,
Dominguez,BX,IV,r4-dominguez,https://docs.google.com/spreadsheets/d/e/2PACX-1vStrV8KyN5ocW76i_HHp2_Dymr2kz1vtBpptrBL7zvvyz5cRHxsKDSdPENj2LyKjLZ2HNV8UHZ4oiHm/pub?output=csv,1103607990,
Fort Stockton,N5,IV,r4-fort-stockton,https://docs.google.com/spreadsheets/d/e/2PACX-1vRpYqM0FPftfId-kgcfnsBWWtDkte0TW39oDi9rJwOpPthBRNDkNVMq-7_f5hRRvkJUzkqFRgkinqj2/pub?output=csv,570372137,
Garza East,NI,IV,r4-garza-east,,,closely linked to Garza West
Garza West,NH,IV,r4-garza-west,https://docs.google.com/spreadsheets/d/e/2PACX-1vQUev3PxLMbY_m1YcxSzbejFDk837VuZs4BEIyO9G36-yVkcAlH3pS2QIbyRvsXQ7tWRcaWSSJtI3Ha/pub?output=csv,94961094,
Glossbrenner,SO,IV,r4-glossbrenner,https://docs.google.com/spreadsheets/d/e/2PACX-1vTUwISd1OSbeOmqR-C-kxRik5b4fW72fu0Zl3VzCP30pWTXn-x43f8ZeJ5ddEW7fVzI1E-IptBp5lz-/pub?output=csv,1104160789,
Lopez,RL,IV,r4-lopez,https://docs.google.com/spreadsheets/d/e/2PACX-1vTRxh7EtEsSHlI3pDQY8DMA9jKj20E40cKCOtVZAmOZkl0yGqjbXgwRKnsJjmneLPymcl-sEjmgp-Ix/pub?output=csv,1200388890,same file listed for r4-segovia
Lynaugh,LH,IV,r4-lynaugh,https://docs.google.com/spreadsheets/d/e/2PACX-1vRtqh1aED2VKP8xYhf_ZaiKsGlqcSonlh7YT2NZ39nkdwpE4FBTmrswxHnGNf4HFhaZtTK7ITBA6U1T/pub?output=csv,1586419097,
McConnell,ML,IV,r4-mcconnell,https://docs.google.com/spreadsheets/d/e/2PACX-1vTVQVmmOb4n04V3f_Mrxar5bdaApZAeHsNpBMtXQGhbBNGW6nvgikMdzH_4otTxoqqIsofYnuWWF3GQ/pub?output=csv,326487505,
Ney,HF,IV,NA,,,Listed as Torres/Joe Ney. Same file as Torres.
Sanchez,RZ,IV,r4-sanchez,https://docs.google.com/spreadsheets/d/e/2PACX-1vQMTACUyKGSJENVf-CbXMBqdR4Pi4LP6-mg0VrhpcXJcUAJwHtf5_-Pr_1V_260Q7jXAvineu4sOnG9/pub?output=csv,354466257,
Segovia,EN,IV,NA,,,"same file as r4-lopez, pre-release"
Stevenson,SB,IV,r4-stevenson,https://docs.google.com/spreadsheets/d/e/2PACX-1vQYCXs30eB_ZNJAg89WPg-TlJEI6SZy9p47BYhUUXGRwyonQhgtJbTBVPI8UGBViEIc7Owc4KQW75MG/pub?output=csv,1937996495,
Torres,TE,IV,r4-torres,https://docs.google.com/spreadsheets/d/e/2PACX-1vSS-U7L6BxDIb_gzWbV6-2rZ4TU8QMXM1M_VpXgh1-NXGyR-WCYfrJPsntDavEQjL60wnGmOpiQPGxk/pub?output=csv,544971409,Listed as Torres/Joe Ney. Same file as Ney.
Allred,JA,V,r5-allred,https://docs.google.com/spreadsheets/d/e/2PACX-1vR99w5d5VX-SbWrd1U1dBczx_DJrSCCA1Dl9pNXyV_KtpTZEyuEguPy8tH58Vz0ABCQLwy3wCnf4tA5/pub?gid=0&single=true&output=csv,1950712637,
Baten,NJ,V,NA,,,Listed as Jordan-Baten
Clements,BC,V,NA,,,Log is from January
Dalhart,DH,V,r5-dalhart,https://docs.google.com/spreadsheets/d/e/2PACX-1vTWZnPMpYv2Vjr7i1teE7ENccXQOsGW98z-jlX3rDicP24NBAjh-k46ULbqB-whvVrNwj-5kgmbsJZ7/pub?output=csv,407484631,
Daniel,DL,V,r5-daniel,https://docs.google.com/spreadsheets/d/e/2PACX-1vQMNX0V51NlVCRPc2y7j0gJgSECOn0jgFEfMCfqrq8S5iJIsvmfPmEWRpDS1UPoLxSCUxg0imZsUF9N/pub?output=csv,1125053059,
Formby,FB,V,r5-formby,https://docs.google.com/spreadsheets/d/e/2PACX-1vSkEQeRJLdHlDdQaUAODnXLzKnXZSr9rDHd1ICVnYOYmwDlrLK0OQTMpbJR6qtdqoxVxqXt7k8hoxG2/pub?output=csv,1310080125,
Jordan,JN,V,r5-jordan,https://docs.google.com/spreadsheets/d/e/2PACX-1vRimlTNOkHreNLPhh6eE1GdFc2WENdoxA0-DnAz47v9TaYq_CnnIzlO_vVJ4I5URzUvb7e6qMS4NKHH/pub?output=csv,1320705430,Listed as Jordan-Baten
Mechler,N3,V,r5-mechler,https://docs.google.com/spreadsheets/d/e/2PACX-1vRxSxD4z5ucNUuKhf0NIGPszRcej6R_RqtgSVA0eiiUyVjJqXe4T6PcsC593iSjiM51v7KwkIjAwfYo/pub?output=csv,715869797,
Montford/West Texas Hospital,JM,V,r5-montford,https://docs.google.com/spreadsheets/d/e/2PACX-1vToj_YKfQlL_ZvNFPKItQQDR01HhQu5Fsp0Z2xSSXvaYZrn_Xuw1kh0JDwBV-wSk-uoZhdG7C4Rytw1/pub?output=csv,521560001,
Roach,RH,V,r5-roach,https://docs.google.com/spreadsheets/d/e/2PACX-1vTEZo9G5tci2JYwB27kkIwpdK6JFtEFq7cDWenLBLe7JsY_xFxAuupWXUBMzQERnDu44-V5x48tm2ro/pub?output=csv,521560001,
Smith,SM,V,r5-smith,https://docs.google.com/spreadsheets/d/e/2PACX-1vR3DhKOQ2j67NA7bBnkG7jupSC9tR9gMEaBBL5094bU-Y1_ef5fwAZxfbLvVgls2j0jRIqETdZ95tLT/pub?output=csv,521560001,
Wallace/San Angelo Work Camp,WL,V,r5-wallace,https://docs.google.com/spreadsheets/d/e/2PACX-1vRrKjLwdAlb3c6LYTvw9GA_6V8iFtMWv5BRAH8gxsyfRR3MZZP88PMRDHjnS3i9i5bwi7G5ZOum_K_i/pub?output=csv,1957810682,
Wheeler,WR,V,r5-wheeler,https://docs.google.com/spreadsheets/d/e/2PACX-1vTvnI-Qy8v766WXRaN5nW-1neuNzZaNDdfgO6rOWDLWnd8C1jfCAqqb_NLsoLL-aJrVy60_DATUXCo6/pub?gid=0&single=true&output=csv,1957810682,
Crain,GV,VI,r6-crain,https://docs.google.com/spreadsheets/d/e/2PACX-1vT4Ovg7Fp4bPwZz2vbv1bOIQCVtZBG_bStYdxcxoeAbI745hYyv1RkGpsLBD6rlac5wvSQp6O_njTBh/pub?output=csv,1226369806,
Halbert,BB,VI,r6-halbert,https://docs.google.com/spreadsheets/d/e/2PACX-1vRO87ZyHrFW_7T9mDzNDpwKrpdxm3KYrAj2H7UcFqZP9WRFsmHuYnzG77tNIeS0a3-sqE8R7IMbtAdW/pub?output=csv,1267941367,
Hamilton,JH,VI,r6-hamilton,https://docs.google.com/spreadsheets/d/e/2PACX-1vS8SN4JwMP3ZvZK-l9pac65G4Vtfzd5LPI7leDLJ7Kc1tAaZgbj9RYOHHt2GiuUHn3pAFZjshdw-LvH/pub?output=csv,1105349325,
Havins,TH,VI,r6-havins,https://docs.google.com/spreadsheets/d/e/2PACX-1vSdhzB8nbc_R748cBiEsQjRVeAo4fwOHl3fzcsNzMkyponNYEEQ92p5cUl6kku7WOI9RMX4Cp95d_wr/pub?output=csv,809150569,
Hilltop,HT,VI,r6-hilltop,https://docs.google.com/spreadsheets/d/e/2PACX-1vRs_d2lRbKBgsTT-tvODuPLRoNFE5AovfiB9X0ruK5a55Wgwh0zLOte2-CbzfCmSVuxDNCK7iXBuQya/pub?output=csv,1214398962,
Hobby,HB,VI,r6-hobby,https://docs.google.com/spreadsheets/d/e/2PACX-1vS3AXbYGDs5NSnmUVvvhxS29bMA-OA8pwmsOK6-ibPeBoY2VDgOJALLEEaCzFcXAMgquLv7G7iW9472/pub?output=csv,393548900,
Hughes,AH,VI,r6-hughes,https://docs.google.com/spreadsheets/d/e/2PACX-1vRxmlON6OsSwzcQQ9ut6UkVe_Ein7KiWiol6tpW0pzn6F2Nxvuj4Gz33cZut6rRTzbdESswJG2MPgVy/pub?output=csv,2142585967,
Luther,P2,VI,r6-luther,https://docs.google.com/spreadsheets/d/e/2PACX-1vR77pcWW__ebNdsQS_LAOlIloGe9n1d_F23ALZqGn97LGgzhI9kmuO692eaeoVxasTuRYveEajZaORJ/pub?output=csv,1686763152,
Marlin,N1,VI,r6-marlin,https://docs.google.com/spreadsheets/d/e/2PACX-1vRGbc-ETBHKscPbemKe01Bvt9nVC6SPEvMlR2wiveeMXYlm50etxqc0mze9VRrxKPwo-GJLhTkt4WqU/pub?output=csv,1008513698,
Middleton,NE,VI,r6-middleton,https://docs.google.com/spreadsheets/d/e/2PACX-1vSKKIXH6Bycl264MLVq9CNrZAkz2ddSlzRXfd3sdf6r3QMm3R86nzPYtEUDGH3QC-Be0qwRpdAxhXtI/pub?output=csv,1849558318,
Murray,LM,VI,r6-o-daniel,https://docs.google.com/spreadsheets/d/e/2PACX-1vR8cnvVE52pBC52GZD2aX-dRvjoJtG4aYLj380LCw_RPUfqrYc_gx4H558Q-K8CG27HzpLS9JCJ8w5i/pub?output=csv,361473234,
O'Daniel,MV,VI,,,,Listed as Mt. View. Same file as Woodman
Pack,P1,VI,r6-pack,https://docs.google.com/spreadsheets/d/e/2PACX-1vQ-4fCRtRGr2gFF7rqDeHtO5Msc9b3X10gw4PkyfhvJAn_7IaQYwmSbvgejCikVi-mLmIV_xO8jIVd3/pub?output=csv,1807507146,
Robertson,RB,VI,r6-robertson,https://docs.google.com/spreadsheets/d/e/2PACX-1vQ_EwkCz3-hNizbRP4keCDFrlIUEFa-oIPF0k589rRKdZv4YIqHtCAuzk0VBaIfAV2IoJ8f9jSDBhO9/pub?output=csv,1202127483,
San Saba,N2,VI,r6-san-saba,https://docs.google.com/spreadsheets/d/e/2PACX-1vTKpVpzTVuvSLKHzzzFR103RKy3_RP0mXRwHnmgZUBBo7u21iiQApr6YtOHE9WDOorKySaa8N_6Th6c/pub?output=csv,1303115158,
Sayle,SY,VI,r6-sayle,https://docs.google.com/spreadsheets/d/e/2PACX-1vTseRXUc0I5DvyMvXRCiHCDzTRQu0SldqNvOYPRMtOPbodHp4roEVv_9JXSvBbWnhvG0mrxBpVX0h0b/pub?output=csv,1078750609,
Travis County,TI,VI,r6-travis-county,https://docs.google.com/spreadsheets/d/e/2PACX-1vR_8zv7PtoYTeeIysDnFfwjOpww71PpK9oHl0jPxwkd6STyj9axd3eAo2G420PPsfaXDO7TUK5IJLo0/pub?output=csv,804733578,
Woodman,WM,VI,r6-woodman,https://docs.google.com/spreadsheets/d/e/2PACX-1vRhHaxBIZBxuLxO8tAjbDZFP44YzAjOKUEbrp3kaeGcNzrrwhie8K8_Q8-3_DXQGlmC6WCTa4-DwDXF/pub?output=csv,480760589,Listed as Mt. View. Same file as O'Daniel
Bradshaw,BH,Private,,,,
Bridgeport,BR,Private,,,,
Coleman,LC,Private,,,,
East Texas,XQ,Private,,,,
Kyle,KY,Private,,,,
Lindsey,LN,Private,,,,
"Moore, B.",BM,Private,,,,
Willacy County,WI,Private,,,,